{
  "random_forest": {
    "model_name": "RandomForest",
    "accuracy": 0.9130434782608695,
    "precision": 0.9024390243902439,
    "recall": 0.9736842105263158,
    "f1_score": 0.9367088607594938,
    "roc_auc": 0.9571524966261808,
    "confusion_matrix": [
      [
        31,
        8
      ],
      [
        2,
        74
      ]
    ]
  },
  "gradient_boosting": {
    "model_name": "GradientBoosting",
    "accuracy": 0.9043478260869565,
    "precision": 0.9012345679012346,
    "recall": 0.9605263157894737,
    "f1_score": 0.9299363057324841,
    "roc_auc": 0.9542847503373819,
    "confusion_matrix": [
      [
        31,
        8
      ],
      [
        3,
        73
      ]
    ]
  },
  "logistic_regression": {
    "model_name": "LogisticRegression",
    "accuracy": 0.6521739130434783,
    "precision": 0.6636363636363637,
    "recall": 0.9605263157894737,
    "f1_score": 0.7849462365591398,
    "roc_auc": 0.7726045883940622,
    "confusion_matrix": [
      [
        2,
        37
      ],
      [
        3,
        73
      ]
    ]
  }
}